domain,segment
taftclothing.com,DTC brands and retailers
jackerwin.com,DTC brands and retailers
amberjack.shop,DTC brands and retailers
districtvision.com,DTC brands and retailers
garrettleight.com,DTC brands and retailers
kimeze.com,DTC brands and retailers
shopdorsey.com,DTC brands and retailers
studs.com,DTC brands and retailers
prounisjewelry.com,DTC brands and retailers
negativeunderwear.com,DTC brands and retailers
wearcommando.com,DTC brands and retailers
oddobody.com,DTC brands and retailers
halfdays.com,DTC brands and retailers
lunya.co,DTC brands and retailers
jungmaven.com,DTC brands and retailers
dagnedover.com,DTC brands and retailers
partlowofficial.com,DTC brands and retailers
dehanche.com,DTC brands and retailers
pulppantry.com,DTC brands and retailers
drinkwildwonder.com,DTC brands and retailers
dailycrunchsnacks.com,DTC brands and retailers
eatdrumroll.com,DTC brands and retailers
skoutorganic.com,DTC brands and retailers
mokufoods.com,DTC brands and retailers
namimatcha.com,DTC brands and retailers
rockysmatcha.com,DTC brands and retailers
eatfishwife.com,DTC brands and retailers
wildgood.com,DTC brands and retailers
spreadthelovefoods.com,DTC brands and retailers
spudsy.com,DTC brands and retailers
onyxcoffeelab.com,DTC brands and retailers
drinkmayawell.com,DTC brands and retailers
unitedsodas.com,DTC brands and retailers
myobvi.com,DTC brands and retailers
eatofflimits.com,DTC brands and retailers
brooklynbiltong.com,DTC brands and retailers
figureatefoods.com,DTC brands and retailers
arey.com,DTC brands and retailers
thecalifornianaturals.com,DTC brands and retailers
filamentsciences.com,DTC brands and retailers
ceremonia.com,DTC brands and retailers
sofiepavittface.com,DTC brands and retailers
4amskin.com,DTC brands and retailers
sweetchemistry.com,DTC brands and retailers
minuskincare.com,DTC brands and retailers
iotabody.com,DTC brands and retailers
curiebod.com,DTC brands and retailers
evolvetogether.com,DTC brands and retailers
ellisbrooklyn.com,DTC brands and retailers
nettenyc.com,DTC brands and retailers
spacecampwellness.com,DTC brands and retailers
ombraz.com,DTC brands and retailers
runspeedland.com,DTC brands and retailers
pathprojects.com,DTC brands and retailers
janji.com,DTC brands and retailers
gnara.com,DTC brands and retailers
freeflyapparel.com,DTC brands and retailers
howlerbros.com,DTC brands and retailers
argalioutdoors.com,DTC brands and retailers
organicclimbing.com,DTC brands and retailers
tensionclimbing.com,DTC brands and retailers
soillholds.com,DTC brands and retailers
halagear.com,DTC brands and retailers
showerspass.com,DTC brands and retailers
hyperlitemountaingear.com,DTC brands and retailers
fieldcompany.com,DTC brands and retailers
misen.com,DTC brands and retailers
materialkitchen.com,DTC brands and retailers
proclamationgoods.com,DTC brands and retailers
smithey.com,DTC brands and retailers
eastfork.com,DTC brands and retailers
jonopandolfi.com,DTC brands and retailers
yearandday.com,DTC brands and retailers
estellecoloredglass.com,DTC brands and retailers
hedleyandbennett.com,DTC brands and retailers
weezietowels.com,DTC brands and retailers
sijohome.com,DTC brands and retailers
sundaycitizen.co,DTC brands and retailers
boleroadtextiles.com,DTC brands and retailers
pfcandleco.com,DTC brands and retailers
harlemcandleco.com,DTC brands and retailers
revivalrugs.com,DTC brands and retailers
cleancult.com,DTC brands and retailers
speedcommerce.com,3PL and warehouses
thrive3pl.com,3PL and warehouses
seleryfulfillment.com,3PL and warehouses
ofs3pl.com,3PL and warehouses
fulfillplus.com,3PL and warehouses
simplfulfillment.com,3PL and warehouses
fulfillrite.com,3PL and warehouses
atomixlogistics.com,3PL and warehouses
fulfyld.com,3PL and warehouses
barrettdistribution.com,3PL and warehouses
sclogistics.com,3PL and warehouses
a2bfulfillment.com,3PL and warehouses
boxzooka.com,3PL and warehouses
bergenlogistics.com,3PL and warehouses
shipcalm.com,3PL and warehouses
opsengine.co,3PL and warehouses
komardistribution.com,3PL and warehouses
coldchain3pl.com,3PL and warehouses
rlslogistics.com,3PL and warehouses
shipfusion.com,3PL and warehouses
shipnetwork.com,3PL and warehouses
oc3pl.com,3PL and warehouses
horizon3pl.com,3PL and warehouses
idealfulfillment.com,3PL and warehouses
3plcenter.com,3PL and warehouses
quickbox.com,3PL and warehouses
symbia.com,3PL and warehouses
kablefulfillment.com,3PL and warehouses
badgerfg.com,3PL and warehouses
stockmatic.com,3PL and warehouses
savannahriverfulfillment.com,3PL and warehouses
thefulfillmentlab.com,3PL and warehouses
3plguys.com,3PL and warehouses
buske.com,3PL and warehouses
yourlogisticscorp.com,3PL and warehouses
gramercybakery.com,Manufacturing
bakeryonmain.com,Manufacturing
wnfoods.com,Manufacturing
kensingtonfood.com,Manufacturing
elpintocopacking.com,Manufacturing
consolidatedmills.com,Manufacturing
protopackers.com,Manufacturing
pilotcanning.com,Manufacturing
deltabev.com,Manufacturing
tulkoff.com,Manufacturing
ladyburd.com,Manufacturing
radicalcosmetics.com,Manufacturing
dynamicblending.com,Manufacturing
garlabs.com,Manufacturing
goodflowerfarm.com,Manufacturing
thesage.com,Manufacturing
audreymorris.com,Manufacturing
lagunacandles.com,Manufacturing
velavidawholesale.com,Manufacturing
pouredgoods.com,Manufacturing
harbormillcandles.com,Manufacturing
clayfactorceramics.com,Manufacturing
faribaultmill.com,Manufacturing
americanblanketcompany.com,Manufacturing
edgingtonstudio.com,Manufacturing
leftyproductionco.com,Manufacturing
fullspeed100.com,Manufacturing
tegmade.com,Manufacturing
ballofcotton.com,Manufacturing
euphoriccolors.com,Manufacturing
makersnutrition.com,Manufacturing
matsunnutrition.com,Manufacturing
wellaliments.com,Manufacturing
ahformulations.com,Manufacturing
petdinellc.com,Manufacturing
skyfire.xyz,Agent transaction companies
nekuda.ai,Agent transaction companies
trynatural.ai,Agent transaction companies
nava.xyz,Agent transaction companies
paymanai.com,Agent transaction companies
prava.space,Agent transaction companies
crossmint.com,Agent transaction companies
rye.com,Agent transaction companies
henrylabs.ai,Agent transaction companies
firmly.ai,Agent transaction companies
trychannel3.com,Agent transaction companies
getcatalog.ai,Agent transaction companies
wild-card.ai,Agent transaction companies
spangle.ai,Agent transaction companies
limy.ai,Agent transaction companies
lithic.com,Agent transaction companies
phia.com,Shopping agent companies
daydream.ing,Shopping agent companies
altadaily.com,Shopping agent companies
gensmo.com,Shopping agent companies
onton.com,Shopping agent companies
askdialog.com,Shopping agent companies
oneoff.world,Shopping agent companies
shoppin.app,Shopping agent companies
shopencore.ai,Shopping agent companies
zellor.com,Shopping agent companies
getrep.ai,Shopping agent companies
shopwithai.chat,Shopping agent companies
prediko.io,Inventory management systems
cogsy.com,Inventory management systems
singuli.co,Inventory management systems
fabrikator.io,Inventory management systems
syrup.tech,Inventory management systems
toolio.com,Inventory management systems
flowlity.com,Inventory management systems
sumtracker.com,Inventory management systems
forthcast.io,Inventory management systems
stocktrim.com,Inventory management systems
netstock.com,Inventory management systems
trunkinventory.com,Inventory management systems
