product,channel,title,url,video_id
Catrice HD Liquid Coverage,Taylor Wynn,OMG..Catrice HD LIQUID COVERAGE FOUNDATION {First Impression Review & Demo!} 15 DAYS OF FOUNDATION,https://www.youtube.com/watch?v=zaCNDzBVTYo,zaCNDzBVTYo
Catrice HD Liquid Coverage,Thrift Thick,Only FOUR Shades... WTF!? | Let's Test!: Catrice HD Liquid Coverage Foundation,https://www.youtube.com/watch?v=UaRm5OVwASA,UaRm5OVwASA
Catrice HD Liquid Coverage,Ashley Roark,OMG! FAVORITE FOUNDATION RE-FORMULATED?! 😩 Catrice HD Liquid Coverage Foundation *NEW vs. OLD*,https://www.youtube.com/watch?v=b8anMxwebQU,b8anMxwebQU
Catrice HD Liquid Coverage,Zoey Noel,FULL COVERAGE FRIDAY: *DRUGSTORE* CATRICE HD LIQUID COVERAGE FOUNDATION,https://www.youtube.com/watch?v=jLn3uvIq6qQ,jLn3uvIq6qQ
Catrice HD Liquid Coverage,Ivory Cherry,2 Day Wear Test on Catrice True Skin Hydrating Foundation for OILY and ACNE Skin,https://www.youtube.com/watch?v=s6xxhgt3BGE,s6xxhgt3BGE
Catrice HD Liquid Coverage,StephiRaye,NEW Catrice Liquid HD Foundation - 40 Warm Beige Demo/Review,https://www.youtube.com/watch?v=meSyzHS2Qnk,meSyzHS2Qnk
Charlotte Tilbury Airbrush Flawless,Kirsty Lo,ESTEE LAUDER DOUBLE WEAR VS. CHARLOTTE TILBURY AIRBRUSH FLAWLESS FOUNDATION | Review & Wear Test!,https://www.youtube.com/watch?v=LmPGfxgYiP0,LmPGfxgYiP0
Charlotte Tilbury Airbrush Flawless,Thrift Thick,TOO GOOD TO BE TRUE...!? | Charlotte Tilbury Airbrush Flawless Foundation (WEEKLY WEAR: Oily Skin),https://www.youtube.com/watch?v=rYfJmsxQ25c,rYfJmsxQ25c
Charlotte Tilbury Airbrush Flawless,Nina Ubhi Beauty & Fashion,Charlotte Tilbury Says This New Airbrush Foundation Covers Everything… I Tested It! | Nina Ubhi,https://www.youtube.com/watch?v=OxJVcxjrdIA,OxJVcxjrdIA
Charlotte Tilbury Airbrush Flawless,Magdaline Janet,WORTH THE HYPE? 2 DAY WEAR CHARLOTTE TILBURY AIRBRUSH FLAWLESS FOUNDATION | MagdalineJanet,https://www.youtube.com/watch?v=B3eKHUPJNP8,B3eKHUPJNP8
Charlotte Tilbury Airbrush Flawless,Kirsty Lo,CHARLOTTE TILBURY AIRBRUSH FLAWLESS VS. NARS SOFT MATTE COMPLETE FOUNDATION | Review & Wear Test!,https://www.youtube.com/watch?v=QQQfjFftyNw,QQQfjFftyNw
Charlotte Tilbury Airbrush Flawless,Kirsty Lo,CHARLOTTE TILBURY AIRBRUSH FLAWLESS VS. CLINIQUE EVEN BETTER SERUM FOUNDATION | Review & Wear Test!,https://www.youtube.com/watch?v=RxiuDiEKZ6o,RxiuDiEKZ6o
Clinique Even Better,Thrift Thick,Clinique Even Better Clinical Serum Foundation | WEEKLY WEAR: Oily Skin Review,https://www.youtube.com/watch?v=hvF6ifMDBco,hvF6ifMDBco
Clinique Even Better,Sasha Stockwell,New Clinique Even Better Clinical Serum Foundation WEAR TEST on acne prone & oily skin (cn 08 linen),https://www.youtube.com/watch?v=iQrZec45IXE,iQrZec45IXE
Clinique Even Better,Kirsty Lo,ESTEE LAUDER DOUBLE WEAR VS. CLINIQUE EVEN BETTER CLINICAL SERUM FOUNDATION | Review & Wear Test!,https://www.youtube.com/watch?v=W20nL_wRClk,W20nL_wRClk
Clinique Even Better,Samantha Schuerman,THIS WENT DOWNHILL FAST | Clinique Even Better Clinical Serum Foundation Demo/Wear Test | Oily Skin,https://www.youtube.com/watch?v=XUOHG3l0bBw,XUOHG3l0bBw
Clinique Even Better,Magdaline Janet,2 DAY WEAR TEST CLINIQUE EVEN BETTER SERUM FOUNDATION *oily skin* | MagdalineJanet,https://www.youtube.com/watch?v=qGBOGhpOo80,qGBOGhpOo80
Clinique Even Better,Steff’s Beauty Stash,NEW Clinique Even Better Clinical Vitamin Foundation Review + 2 Day Wear Test,https://www.youtube.com/watch?v=9AMGx9lHWX8,9AMGx9lHWX8
CoverGirl Outlast,SariReanna,First Impressions | Covergirl Outlast 3-in1 Foundation (Acne/Scarring),https://www.youtube.com/watch?v=mejmNwZ8H8Q,mejmNwZ8H8Q
CoverGirl Outlast,Thrift Thick,MY NEW HOLY GRAIL!?? | CoverGirl Outlast Active Foundation: WEEKLY WEAR (Oily Skin Review),https://www.youtube.com/watch?v=jCju-nPRvqY,jCju-nPRvqY
CoverGirl Outlast,Jessica Romua ,NEW!!COVERGIRL OUTLAST EXTREME WEAR 3 IN 1 FOUNDATION WITH SPF || OILY SKIN WEAR TEST & REVIEW👀🔥,https://www.youtube.com/watch?v=oS7Qsbo9eNM,oS7Qsbo9eNM
CoverGirl Outlast,Hailey O,Covergirl Outlast Active Range Wear Test | Oily Skin,https://www.youtube.com/watch?v=_IrNOWTHzek,_IrNOWTHzek
CoverGirl Outlast,Samantha Jane,Covergirl Outlast Active Foundation Review + Wear Test! 12 DAYS OF FOUNDATION DAY 9,https://www.youtube.com/watch?v=EwqvtVmcNxI,EwqvtVmcNxI
CoverGirl Outlast,Samantha Jane,The Oily Skin Diaries: Covergirl Outlast Foundation Review Demo! | samantha jane,https://www.youtube.com/watch?v=rZMGE8fKLaQ,rZMGE8fKLaQ
Dior Forever,HotandFlashy,THIS FOUNDATION IS AMAZING ON MATURE SKIN! Dior Forever Matte - Over 50,https://www.youtube.com/watch?v=8oxwCTKwRzU,8oxwCTKwRzU
Dior Forever,Morgan Turner,I tested EVERY Dior Foundation..what you should know before you buy 🙇🏻‍♀️,https://www.youtube.com/watch?v=GlKpRvO0-3E,GlKpRvO0-3E
Dior Forever,Michele Wang,DIOR NEWNESS: Dior Forever Skin Glow Foundation | Wear Test & Review,https://www.youtube.com/watch?v=ngPdupsPFxc,ngPdupsPFxc
Dior Forever,Magdaline Janet,2 DAY WEAR *new* DIOR FOREVER MATTE FOUNDATION *oily skin* | MagdalineJanet,https://www.youtube.com/watch?v=U8S5S5hj7Vo,U8S5S5hj7Vo
Dior Forever,Charisse Daily,NEW Dior Forever Skin Glow Foundation Review|  on OILY SKIN,https://www.youtube.com/watch?v=X0I40-UsGZQ,X0I40-UsGZQ
Dior Forever,Magdaline Janet,Good for Oily Skin? NEW DIOR FOREVER SKIN PERFECT FOUNDATION STICK +12HR WEAR TEST | MagdalineJanet,https://www.youtube.com/watch?v=Kt1zlSFCeTk,Kt1zlSFCeTk
Estee Lauder Double Wear,Samantha Jane,Estee Lauder Double Wear Review Oily Skin Diaries | samantha jane,https://www.youtube.com/watch?v=quU_tB9VeKU,quU_tB9VeKU
Estee Lauder Double Wear,Kirsty Lo,ESTEE LAUDER DOUBLE WEAR VS. MAXIMUM COVER FOUNDATION | Review & 12 Hour Wear Test | Kirsty Lo,https://www.youtube.com/watch?v=jmh_56bn5As,jmh_56bn5As
Estee Lauder Double Wear,KWKosta,ESTEE LAUDER DOUBLE WEAR TESTED ON OILY/ACNE PRONE SKIN,https://www.youtube.com/watch?v=ZXdDAd6eHFQ,ZXdDAd6eHFQ
Estee Lauder Double Wear,Risa Does Makeup,Hate The New Estée Lauder Double Wear? These 3 Long-wear Foundations are 10X Better!,https://www.youtube.com/watch?v=I_y7DU41-6E,I_y7DU41-6E
Estee Lauder Double Wear,Magdaline Janet,NEW VS OLD ESTEE LAUDER DOUBLE WEAR FOUNDATION + WEAR TEST *oily skin* | MagdalineJanet,https://www.youtube.com/watch?v=KoOFCoUOLnQ,KoOFCoUOLnQ
Estee Lauder Double Wear,MakeupByCheryl,NEW ESTÉE LAUDER DOUBLE WEAR FOUNDATION VS OLD FORMULA! Review + Multi-day Wear Test,https://www.youtube.com/watch?v=uRvpQZ68Aak,uRvpQZ68Aak
Fenty Pro Filtr Soft Matte,Taylor Wynn,FENTY BEAUTY MATTE FOUNDATION on Acne/Textured Skin {First Impression & Demo!} 15 DAYS OF FOUNDATION,https://www.youtube.com/watch?v=BqvRMpf7s94,BqvRMpf7s94
Fenty Pro Filtr Soft Matte,Sasha Stockwell,Fenty Pro Filt'r Soft Matte Longwear Foundation WEAR TEST on acne prone & oily skin (shade 185),https://www.youtube.com/watch?v=bBNpfqw4fWI,bBNpfqw4fWI
Fenty Pro Filtr Soft Matte,BiancaReneeToday,New FENTY Pro Filt'r Soft Matte Powder Foundation 8 Hour Wear Test on Oily Skin! | BiancaReneeToday,https://www.youtube.com/watch?v=uCd9sK1hMXY,uCd9sK1hMXY
Fenty Pro Filtr Soft Matte,Ndeye Peinda,NEW FENTY BEAUTY PRO FILT'R HYDRATING FOUNDATION VS. FENTY MATTE FOUNDATION ON OILY SKIN| REVIEW,https://www.youtube.com/watch?v=mnF8QWkr46w,mnF8QWkr46w
Fenty Pro Filtr Soft Matte,Miss Mercedes Monaee,Fenty Beauty Soft’Lit vs Pro Filt’r Foundation Review & Wear Test: Do you need both?,https://www.youtube.com/watch?v=ukn94QOtigk,ukn94QOtigk
Fenty Pro Filtr Soft Matte,Simply Kee Samone,"TRYING FENTY PRO FILTR SOFT MATTE FOUNDATION ON MY ACNE & HYPERPIGMENTATION, IS IT GIVING COVERAGE?!",https://www.youtube.com/watch?v=I_7cZdn5FSM,I_7cZdn5FSM
Fenty Pro Filtr Soft Matte,Brunellesp,FENTY BEAUTY PRO FILT'R SOFT MATTE FOUNDATION 420 10HR WEAR TEST ON EXTREMELY OILY SKIN,https://www.youtube.com/watch?v=lzAHZej6Yu0,lzAHZej6Yu0
Fenty Pro Filtr Soft Matte,Charisse Daily,Number 1 best selling foundation at Sephora| FENTY Pro Filt’r Soft Matte  Foundation 8 HR WEAR TEST!,https://www.youtube.com/watch?v=kLZpJpqk55g,kLZpJpqk55g
Fenty Pro Filtr Soft Matte,Mae Sitler,Fenty Beauty Soft’Lit Naturally Luminous Hydrating Longwear Foundation Review (Oily Skin Approved?),https://www.youtube.com/watch?v=_xEH0f1RYik,_xEH0f1RYik
Fenty Pro Filtr Soft Matte,Samantha Jane,Fenty Pro Filt'r Foundation Review/Wear Test | 12 DAYS OF FOUNDATION DAY 7,https://www.youtube.com/watch?v=Y7zxSskRMTo,Y7zxSskRMTo
Fenty Pro Filtr Soft Matte,Nikkia Joy,"FENTY BEAUTY PRIMER, FOUNDATION & POWDER FOR OILY SKIN!!?? HONEST AF REVIEW & WEAR TEST!!!!",https://www.youtube.com/watch?v=M2FO15IbeSg,M2FO15IbeSg
Fenty Pro Filtr Soft Matte,Ivory Cherry,2 Day Wear Test on Fenty Beauty Pro Filt'r Powder Foundation | Good for Oily/Normal Skin?,https://www.youtube.com/watch?v=OtjrDgGxO5E,OtjrDgGxO5E
Fenty Pro Filtr Soft Matte,ohheythistoo,Fenty Pro Filt'r Foundation Review + Demo on OILY/ACNE-PRONE SKIN,https://www.youtube.com/watch?v=mdl5fjUbuCc,mdl5fjUbuCc
Fenty Pro Filtr Soft Matte,Kirsty Lo,FENTY BEAUTY EAZE DROP BLURRING SKIN TINT on OILY & ACNE Skin | Review + 12 Hour Wear Test!,https://www.youtube.com/watch?v=nMiay79ulrQ,nMiay79ulrQ
Fenty Pro Filtr Soft Matte,Rachel Bronson,FENTY PRO FILT'R 9HOUR WEAR TEST: LONG LASTING MAKEUP ON OILY SKIN,https://www.youtube.com/watch?v=oL7W8BcF0yQ,oL7W8BcF0yQ
Fenty Pro Filtr Soft Matte,Sam Robinson,This will be the best foundation of the year! Fenty Beauty Soft Lit Foundation...,https://www.youtube.com/watch?v=5PcUuKyboLU,5PcUuKyboLU
Fenty Pro Filtr Soft Matte,Kat / kitschsnitch,Fenty Beauty Pro Filt'r Foundation review & wear test on oily combo skin.,https://www.youtube.com/watch?v=pHF2bYFrVxI,pHF2bYFrVxI
Fenty Pro Filtr Soft Matte,KayleighMC,TESTING: Fenty Pro Filt'r Soft Matte Longwear Foundation on OILY/COMBINATION SKIN,https://www.youtube.com/watch?v=r1cCtMoI-cg,r1cCtMoI-cg
Fenty Pro Filtr Soft Matte,Tien Le,First Impression Fenty Beauty Pro Filt'r Soft Matte Longwear Foundation (Oily-Combo Skin),https://www.youtube.com/watch?v=75-5BklHh3k,75-5BklHh3k
Fenty Pro Filtr Soft Matte,Magdaline Janet,2 DAY WEAR *new* FENTY BEAUTY SOFT'LIT LUMINOUS LONGWEAR FOUNDATION *oily skin* | MagdalineJanet,https://www.youtube.com/watch?v=tMTMONzFA-c,tMTMONzFA-c
Fenty Pro Filtr Soft Matte,Naseem Larson,TRIED AND TESTED: Fenty Beauty Pro Filt'r Soft Matte Longwear Liquid Foundation,https://www.youtube.com/watch?v=aQee2l5EI7E,aQee2l5EI7E
Giorgio Armani Luminous Silk,Maryam Maquillage,After 25 YEARS! Armani Luminous Silk REFORMULATED! Old vs New - 44 Shades Swatched Maryam Maquillage,https://www.youtube.com/watch?v=qbv19mg0gfc,qbv19mg0gfc
Giorgio Armani Luminous Silk,Fab Jennie,Giorgio Armani Luminous Silk Foundation Review in Color 11.5,https://www.youtube.com/watch?v=-P-fVrcgMK0,-P-fVrcgMK0
Giorgio Armani Luminous Silk,Magdaline Janet,WORTH THE HYPE $69? ARMANI BEAUTY LUMINOUS SILK FOUNDATION + 2 DAY WEAR *oily skin* | MagdalineJanet,https://www.youtube.com/watch?v=kb38_sS3wgI,kb38_sS3wgI
Giorgio Armani Luminous Silk,Angelina Serena,Giorgio Armani Luminous Silk Foundation Demo + Review + Wear Test! Acne Prone Skin | 7.5,https://www.youtube.com/watch?v=oz6f5akF8oM,oz6f5akF8oM
Giorgio Armani Luminous Silk,j0annepan,"Armani Luminous Silk Foundation Review ✨ 3 Day Wear Test | acne-prone sensitive, combination skin",https://www.youtube.com/watch?v=pVfqFodV79Y,pVfqFodV79Y
Giorgio Armani Luminous Silk,Clare Walch,NEW Armani Luminous Silk Foundation Review + 8 Hour Wear Test | Combination Skin | Clare Walch,https://www.youtube.com/watch?v=IftyqeAvTnE,IftyqeAvTnE
Hourglass Vanish,Nikkia Joy,Hourglass Vanish Foundation For Oily Skin | First Impression & Review,https://www.youtube.com/watch?v=Ycymfg3QhAY,Ycymfg3QhAY
Hourglass Vanish,Samantha Jane,Hourglass Vanish Stick Foundation Review (oily skin/scarring) 12 Days of Foundation Day 4,https://www.youtube.com/watch?v=oTQC7UDy8gs,oTQC7UDy8gs
Hourglass Vanish,Stephanie Marie,NEW! Hourglass Vanish Liquid Foundation Review | Oily Combo Skin,https://www.youtube.com/watch?v=MTeQOtB-Z4c,MTeQOtB-Z4c
Hourglass Vanish,Fayy Lenee,HOURGLASS VANISH LIQUID FOUNDATION TESTED ON OILY SKIN | NEW MAKEUP 2019 ♡ Fayy Lenee Beauty,https://www.youtube.com/watch?v=y6UPn3sBj58,y6UPn3sBj58
Hourglass Vanish,Nishitha Vunnam,New HOURGLASS Vanish Seamless Liquid Foundation Review/Demo/WearTest on Tan/Medium/Brown/Warm Skin,https://www.youtube.com/watch?v=PyyczxtUEOk,PyyczxtUEOk
Hourglass Vanish,Shuana Fayaz ,Hourglass Vanish Stick Foundation Review and 12 Hours wear test  on oily skin ♡| Shuanabeauty,https://www.youtube.com/watch?v=TE0fbWl4fQo,TE0fbWl4fQo
Huda Beauty FauxFilter,OmabelleTV,"HUDA BEAUTY FAUX FILTER FOUNDATION REVIEW, FIRST IMPRESSION & 10HR WEAR TEST ON ACNE/OILY PRONE SKIN",https://www.youtube.com/watch?v=WREUGPc9xCg,WREUGPc9xCg
Huda Beauty FauxFilter,Raval Kaur,HUDA BEAUTY FOUNDATION REVIEW + WEAR TEST,https://www.youtube.com/watch?v=r7f-GUuyED8,r7f-GUuyED8
Huda Beauty FauxFilter,Ruby Golani,ACNE SKIN REVIEW HUDA BEAUTY FAUX FILTER FOUNDATION + 8HR WEAR TEST! | Ruby Golani,https://www.youtube.com/watch?v=LaP3w-cbHJg,LaP3w-cbHJg
Huda Beauty FauxFilter,Stephanie Alford,HUDA BEAUTY #FAUXFILTER FOUNDATION REVIEW !! OILY/ACNE TEST,https://www.youtube.com/watch?v=NQhdAF_s4AU,NQhdAF_s4AU
Huda Beauty FauxFilter,BiancaReneeToday,Huda Beauty Faux Filter Full Coverage Foundation! 8 Hour Wear test on oily skin! | BiancaReneeToday,https://www.youtube.com/watch?v=PjSBkFv8kx0,PjSBkFv8kx0
Huda Beauty FauxFilter,SilviaMBeauty,NEW Huda Beauty Faux Filter Foundation Review on Oily Skin | Best Full Coverage Foundation?,https://www.youtube.com/watch?v=pVqPhzNDnPM,pVqPhzNDnPM
IT Cosmetics CC Cream,Pamela Ross,IT COSMETICS MATTE CC CREAM ON ACNE PRONE SKIN | REVIEW + 10 HOUR WEAR TEST!! *MUST TRY*,https://www.youtube.com/watch?v=hhJjwNmJFTY,hhJjwNmJFTY
IT Cosmetics CC Cream,Alexa Likes,"IT Cosmetics CC Cream Wear Test | Full Coverage on Oily Skin? (12 Days of Foundation, Day 5)",https://www.youtube.com/watch?v=SgS5XvliaRc,SgS5XvliaRc
IT Cosmetics CC Cream,Maryam Maquillage,IS THIS IT Cosmetics CC+ full coverage cream SPF50 A MUST HAVE? | Maryam Maquillage,https://www.youtube.com/watch?v=Gq4SXg3OnlA,Gq4SXg3OnlA
IT Cosmetics CC Cream,Christine Le,Is It Worth The Hype? It Cosmetics CC+ Cream Review + Oily Skin Wear Test!,https://www.youtube.com/watch?v=V0rJjQ8lCL8,V0rJjQ8lCL8
IT Cosmetics CC Cream,Lavinia Rusanda,IT COSMETICS CC CREAM COMPARISON |  Unfiltered Battle of the 4 CC Creams + Full Day Wear Test,https://www.youtube.com/watch?v=B4nKsnyyCME,B4nKsnyyCME
IT Cosmetics CC Cream,Ivory Cherry,It Cosmetics Oil-Free Matte CC+ Cream For Oily/Combo Skin | 2 Day Wear Test & Review,https://www.youtube.com/watch?v=MZMl6dCsU3o,MZMl6dCsU3o
Kosas Revealer,Sam Robinson,NEW | KOSAS REVEALER SKIN IMPROVING FOUNDATION | WEAR TEST ON OILY SKIN,https://www.youtube.com/watch?v=z4f9Yfy_V1A,z4f9Yfy_V1A
Kosas Revealer,Thrift Thick,WORTH THE HYPE!?? | Kosas Revealer Skin-Improving Foundation (WEEKLY WEAR: Oily Skin Review),https://www.youtube.com/watch?v=a9jGAQPSQAo,a9jGAQPSQAo
Kosas Revealer,Magdaline Janet,2 DAY WEAR TEST *new* KOSAS REVEALER SKIN IMPROVING FOUNDATION *oily skin* | MagdalineJanet,https://www.youtube.com/watch?v=caCT4te3cpA,caCT4te3cpA
Kosas Revealer,Sarah Rose,KOSAS Revealer Foundation: FULL-DAY WEAR TEST & REVIEW for Dry/Acne Prone Skin,https://www.youtube.com/watch?v=f4EJEPKUfgU,f4EJEPKUfgU
Kosas Revealer,Tatanisha Sankar,*NEW* KOSAS REVEALER SKIN - IMPROVING FOUNDATION SPF25 REVIEW & WEAR TEST,https://www.youtube.com/watch?v=HPZCbLMdmv0,HPZCbLMdmv0
Kosas Revealer,Emily's Makeup Bag,*NEW* KOSAS REVEALER FOUNDATION | First impressions & 9 hour wear test!,https://www.youtube.com/watch?v=wnXJ0dYPoXM,wnXJ0dYPoXM
L'Oreal Infallible Fresh Wear,Sam Robinson,BRAND NEW | L'OREAL INFALLIBLE 24HR FRESH WEAR FOUNDATION | OILY SKIN WEAR TEST,https://www.youtube.com/watch?v=jpk3BLDG5QM,jpk3BLDG5QM
L'Oreal Infallible Fresh Wear,Stephanie Marie,Loreal Infallible Fresh Wear Foundation | 24hr Wear on OILY SKIN ?!,https://www.youtube.com/watch?v=K-oh2oY16jI,K-oh2oY16jI
L'Oreal Infallible Fresh Wear,Magdaline Janet,*NEW* L'OREAL INFALLIBLE FRESH WEAR FOUNDATION IN A POWDER + 2 DAY WEAR *OILY SKIN* | MagdalineJanet,https://www.youtube.com/watch?v=M0ENurE5og8,M0ENurE5og8
L'Oreal Infallible Fresh Wear,Magdaline Janet,FULL FACE OF NEW L'OREAL MAKEUP & FAVORITES (one brand)+ALL DAY WEAR TEST*oily skin*| MagdalineJanet,https://www.youtube.com/watch?v=uCrr1aVj7cA,uCrr1aVj7cA
L'Oreal Infallible Fresh Wear,Doctor Anne,L'Oréal Infallible 32 Hour Fresh Wear Foundation Full Day Wear Test on oily skin | Doctors Review,https://www.youtube.com/watch?v=7WXkWz60V-Q,7WXkWz60V-Q
L'Oreal Infallible Fresh Wear,Sasha Stockwell,FINALLY Trying Loreal Infallible 24 Hour Fresh Wear Foundation! Wear test on acne prone & oily skin,https://www.youtube.com/watch?v=LLedKaF17i0,LLedKaF17i0
L'Oreal Infallible Fresh Wear,Emily Noel,L'OREAL INFALLIBLE... Testing the entire complexion routine,https://www.youtube.com/watch?v=RUIROYwrtjM,RUIROYwrtjM
L'Oreal Infallible Fresh Wear,Nikkia Joy,TESTING THE VIRAL L'OREAL FRESH WEAR POWDER FOUNDATION!! I AM SHOCKED!!!,https://www.youtube.com/watch?v=M8-WTOYKlWc,M8-WTOYKlWc
L'Oreal Infallible Fresh Wear,It'sGlamTime,TESTING THE LOREAL INFALLIBLE FRESH WEAR FOUNDATION AND CONCEALER. ACNE/OILY SKIN,https://www.youtube.com/watch?v=_BU7m9saDWo,_BU7m9saDWo
L'Oreal Infallible Fresh Wear,Taylor Wynn,L'OREAL INFALLIBLE FRESH WEAR FOUNDATION! {First Impression Review & Demo!} Dry Skin,https://www.youtube.com/watch?v=Q6dFdgg3IMA,Q6dFdgg3IMA
L'Oreal Infallible Fresh Wear,Magdaline Janet,L'OREAL INFALLIBLE FRESH WEAR VS PRO MATTE | WHICH IS BETTER? + 10 HR WEAR TEST | MagdalineJanet,https://www.youtube.com/watch?v=Ej0sFD1_K0g,Ej0sFD1_K0g
L'Oreal Infallible Fresh Wear,Victoriya x,Loreal Infallible Foundation x First Impression x Acne Coverage/Acne Prone Skin/Scarring],https://www.youtube.com/watch?v=Xgkk4mLN8kw,Xgkk4mLN8kw
L'Oreal Infallible Fresh Wear,Lavinia Rusanda,UNFILTERED BEST DRUGSTORE MAKEUP ON ACNE/TEXTURED SKIN + Full Day Wear Test Results,https://www.youtube.com/watch?v=LEC98-EoMCA,LEC98-EoMCA
L'Oreal Infallible Fresh Wear,KWKosta,"L'OREAL INFALLIBLE 24H FRESH WEAR FOUNDATION Oily, Acne Prone Skin",https://www.youtube.com/watch?v=nilgHbmn36I,nilgHbmn36I
L'Oreal Infallible Fresh Wear,Sasha Stockwell,Loreal Infallible Pro Matte Foundation WEAR TEST on Acne Prone & Oily Skin,https://www.youtube.com/watch?v=2bJG5LPbHNw,2bJG5LPbHNw
L'Oreal Infallible Fresh Wear,SariReanna,L'OREAL PRO-GLOW + ACNE PRONE SKIN? | First Impressions,https://www.youtube.com/watch?v=BotzDUu1QnA,BotzDUu1QnA
L'Oreal Infallible Fresh Wear,Jessica Romua ,NEW! 🚨LOREAL INFALLIBLE FRESH WEAR POWDER FOUNDATION|| WEAR TEST & REVIEW ON OILY ROSACEA SKIN,https://www.youtube.com/watch?v=q65Xj89p-Ps,q65Xj89p-Ps
L'Oreal Infallible Fresh Wear,Janen Elodie,LOREAL INFALLIBLE FRESH WEAR FOUNDATION REVIEW | FOR TAN SKIN | OILY COMBINATION SKIN | GRABE SIYA,https://www.youtube.com/watch?v=wJzvfPtmrEk,wJzvfPtmrEk
L'Oreal Infallible Fresh Wear,NEHADEVGANDIARIES,New Loreal Tinted serum vs Loreal Infallible foundation | Why so Viral? Must Watch 4 Indian skin !,https://www.youtube.com/watch?v=r-ICQ5NAtqs,r-ICQ5NAtqs
L'Oreal Infallible Fresh Wear,SuperWowStyle,Face makeup - I tried L'Oreal Paris Infallible 24HR Fresh Wear Foundation In Powder,https://www.youtube.com/watch?v=QCisFEt558Y,QCisFEt558Y
Lancome Teint Idole Ultra Wear,Stephanie Marie,ESTEE LAUDER DOUBLE WEAR vs LANCOME TEINT IDOLE | Comparison & Wear,https://www.youtube.com/watch?v=9BqlS8V_Mg0,9BqlS8V_Mg0
Lancome Teint Idole Ultra Wear,Sam Robinson,NEW HYDRATING LANCOME TEINT IDOLE CARE & GLOW WEAR TEST | *oily skin*,https://www.youtube.com/watch?v=5FAbq-zAe0w,5FAbq-zAe0w
Lancome Teint Idole Ultra Wear,Risa Does Makeup,*NEW* Lancôme Teint Idole Ultra Wear Foundation | Did They Ruin A Good Thing?!,https://www.youtube.com/watch?v=BLG0mc9TzPc,BLG0mc9TzPc
Lancome Teint Idole Ultra Wear,By Kristina Studio,REFORMULATED LANCOME TEINT IDOLE ULTRA WEAR FOUNDATION | REVIEW + 3 DAY WEAR TEST,https://www.youtube.com/watch?v=wXjYA5IBEl0,wXjYA5IBEl0
Lancome Teint Idole Ultra Wear,Magdaline Janet,2 DAY WEAR *new* LANCOME REFORMULATED TEINT IDOLE WEAR FOUNDATION *oily skin*| MagdalineJanet,https://www.youtube.com/watch?v=ijE6nvFnmn8,ijE6nvFnmn8
Lancome Teint Idole Ultra Wear,Magdaline Janet,WHICH IS BETTER? NEW VS OLD LANCOME TEINT IDOLE FOUNDATION + 12HR WEAR *oily skin*| MagdalineJanet,https://www.youtube.com/watch?v=HCqMdtmWLKs,HCqMdtmWLKs
MAC Studio Fix Fluid,Samantha Jane,MAC Studio Fix Fluid Foundation Review (Oily Skin) | 12 Days of Foundation Day 6,https://www.youtube.com/watch?v=dYc8eWO6PjQ,dYc8eWO6PjQ
MAC Studio Fix Fluid,Irene ,Full Coverage Foundation Routine for Oily Skin | MAC Studio Fix Fluid | Irene's Beauty Times,https://www.youtube.com/watch?v=ocTyEhKpwVE,ocTyEhKpwVE
MAC Studio Fix Fluid,melly,MAC Studio Fix Fluid Review - NC40,https://www.youtube.com/watch?v=tS0VFYMuEAk,tS0VFYMuEAk
MAC Studio Fix Fluid,Magdaline Janet,2 DAY WEAR *new* MAC STUDIO RADIANCE SERUM FOUNDATION + *oily skin* | MagdalineJanet,https://www.youtube.com/watch?v=NJc4JAufUE8,NJc4JAufUE8
MAC Studio Fix Fluid,Beauty By Shabree,MAC Studio Fix Fluid Foundation | Review & Full Face Demo,https://www.youtube.com/watch?v=NmULL8yJqr8,NmULL8yJqr8
MAC Studio Fix Fluid,Magdaline Janet,YOU ASKED ABOUT MAC STUDIO FIX FLUID SPF 15 FOUNDATION +2 DAY WEAR TEST *oily skin* | MagdalineJanet,https://www.youtube.com/watch?v=BfUSJEcqvSY,BfUSJEcqvSY
Make Up For Ever HD Skin,Thrift Thick,I WASN'T READY FOR THIS | MUFE HD Skin Undetectable Foundation (WEEKLY WEAR: Oily Skin Review),https://www.youtube.com/watch?v=QSikcUn66pI,QSikcUn66pI
Make Up For Ever HD Skin,Magdaline Janet,2 DAY WEAR TEST *new* MAKE UP FOREVER HD SKIN FOUNDATION *oily skin* | MagdalineJanet,https://www.youtube.com/watch?v=MEDiOg4GbCg,MEDiOg4GbCg
Make Up For Ever HD Skin,Magdaline Janet,2 DAY WEAR *new* MAKEUP FOR EVER HD SKIN HYDRA GLOW FOUNDATION *oily skin* | MagdalineJanet,https://www.youtube.com/watch?v=JtBw0b4n-3c,JtBw0b4n-3c
Make Up For Ever HD Skin,Mallory Brooke,🚨NEW Make Up For Ever Balancing & Perfecting Foundation Review | Worth the Hype?,https://www.youtube.com/watch?v=MW8a6d8WXpk,MW8a6d8WXpk
Make Up For Ever HD Skin,Maryam Maquillage,"NEW Make Up For Ever HD Skin Foundation Review - Real Skin, Wear Test, No Filters |Maryam Maquillage",https://www.youtube.com/watch?v=XXZGvcdnJ48,XXZGvcdnJ48
Make Up For Ever HD Skin,Jessica Romua ,NEW✨ MAKEUP FOREVER HD SKIN HYDRA GLOW HYDRATING FOUNDATION REVIEW + OILY SKIN WEAR TEST!,https://www.youtube.com/watch?v=c2vPwm3C9jY,c2vPwm3C9jY
Maybelline Fit Me Matte Poreless,Taylor Wynn,MAYBELLINE FIT ME MATTE + PORELESS Foundation {Review & Demo} 15 DAYS OF FOUNDATION,https://www.youtube.com/watch?v=hiY43yua4JE,hiY43yua4JE
Maybelline Fit Me Matte Poreless,Cassandra Bankson,Maybelline Fit Me Foundation Review (Breakouts? Oily? Coverage?),https://www.youtube.com/watch?v=8n6MIz-kZa8,8n6MIz-kZa8
Maybelline Fit Me Matte Poreless,Zoey Noel,FULL COVERAGE FRIDAY: *DRUGSTORE FOUNDATION* MAYBELLINE FIT ME MATTE + PORELESS FOUNDATION,https://www.youtube.com/watch?v=nRvPYJafMNw,nRvPYJafMNw
Maybelline Fit Me Matte Poreless,Arnakshi Patgiri,Everyday Makeup Routine with Maybelline Fit Me Foundation + More! | #FitMeFitsMySkin,https://www.youtube.com/watch?v=AmlmMYSU7Fg,AmlmMYSU7Fg
Maybelline Fit Me Matte Poreless,ugly elle,"Best Foundations for Acne-Prone, Textured, Oily Skin",https://www.youtube.com/watch?v=X_2bXFRlDmA,X_2bXFRlDmA
Maybelline Fit Me Matte Poreless,Christiana's Closet,OILY SKIN FRIENDLY FOUNDATION? MAYBELLINE FIT ME MATTE + PORELESS REVIEW & WEAR TEST,https://www.youtube.com/watch?v=Z097UT82emU,Z097UT82emU
Maybelline Super Stay Full Coverage,Tati,NEW LAUNCH!  30Hr Drugstore Foundation ... Full Day Wear Test,https://www.youtube.com/watch?v=G3-9Wn-n-kk,G3-9Wn-n-kk
Maybelline Super Stay Full Coverage,Sam Robinson,WATERPROOF? 💦 THE VIRAL MAYBELLINE SUPERSTAY SKIN TINT | OILY SKIN WEAR TEST,https://www.youtube.com/watch?v=FBv3ESuhRT0,FBv3ESuhRT0
Maybelline Super Stay Full Coverage,Jazzi Filipek,Maybelline SUPERSTAY FULL COVERAGE FOUNDATION Review + Wear Test | Oily Skin |  Jazzi Filipek,https://www.youtube.com/watch?v=mJAhwpmmi0s,mJAhwpmmi0s
Maybelline Super Stay Full Coverage,Risa Does Makeup,Maybelline Superstay Battle: Skin Tint or Lumi-Matte? (Review + All Day Wear Test),https://www.youtube.com/watch?v=P7FOFT4gjVU,P7FOFT4gjVU
Maybelline Super Stay Full Coverage,Lavinia Rusanda,NEW MAYBELLINE LUMI-MATTE FOUNDATION WEAR TEST On Acne/Textured Skin Best New Drugstore Foundation?!,https://www.youtube.com/watch?v=gk-OpHBmJkY,gk-OpHBmJkY
Maybelline Super Stay Full Coverage,Jessica Romua ,Maybelline has a ✨NEW✨ Lumi Matte UP to 30 hr Wear Foundation (Oily Skin Tested!),https://www.youtube.com/watch?v=_2ETE82ebdQ,_2ETE82ebdQ
Maybelline Super Stay Full Coverage,makeupwithalixkate,OILY SKIN FRIENDLY? | MAYBELLINE LUMI MATTE FOUNDATION REVIEW & WEAR TEST | makeupwithalixkate,https://www.youtube.com/watch?v=ok-VFsWjlAo,ok-VFsWjlAo
Maybelline Super Stay Full Coverage,Fayy Lenee,OILY SKIN APPROVED?! MAYBELLINE LUMI MATTE FOUNDATION REVIEW | Fayy Lenee,https://www.youtube.com/watch?v=rulQebNH2jw,rulQebNH2jw
Maybelline Super Stay Full Coverage,Tati,BEST & WORST ... Long Wear Foundations,https://www.youtube.com/watch?v=SKBGrmzdVT0,SKBGrmzdVT0
Maybelline Super Stay Full Coverage,Mufidah Mukhtar,*NEW* Maybelline Lumi-Matte Foundation Foundation Review + 7Hour Wear Test On Oily-Combination Skin,https://www.youtube.com/watch?v=eztyWdY1bTU,eztyWdY1bTU
Maybelline Super Stay Full Coverage,Steph J,finally tried maybelline lumi matte foundation on oily skin and i'm shocked,https://www.youtube.com/watch?v=Z33coYen588,Z33coYen588
Maybelline Super Stay Full Coverage,Prakriti Singh,NEW Maybelline Super Stay Lumi-Matte foundation Review | Unsponsored | SO MUCH HYPE!🙄,https://www.youtube.com/watch?v=3BatzP9f-58,3BatzP9f-58
Maybelline Super Stay Full Coverage,All Beauty By Sarah,Maybelline Super Stay Lumi-Matte Foundation Review | Wear Test & Honest Thoughts!,https://www.youtube.com/watch?v=_oVimRAEAj8,_oVimRAEAj8
Maybelline Super Stay Full Coverage,BrookieMarieTV,GRWM | First Impression of Maybelline SuperStay FULL COVERAGE Foundation on Acne Prone Skin,https://www.youtube.com/watch?v=ND87wiLMznc,ND87wiLMznc
Maybelline Super Stay Full Coverage,Angela Lor,my oily acne prone skin LOVES these foundations. here’s why you should try them too.,https://www.youtube.com/watch?v=kq3QOLC0Nns,kq3QOLC0Nns
Maybelline Super Stay Full Coverage,ugly elle,"Makeup for Acne Prone, Textured Skin, Oily Skin",https://www.youtube.com/watch?v=oAfAWGJ32aI,oAfAWGJ32aI
Maybelline Super Stay Full Coverage,Slashed Beauty,4 Drugstore Powder Foundations Tested 10 HOURS on COMBO Skin,https://www.youtube.com/watch?v=d2GAHN2etLM,d2GAHN2etLM
Maybelline Super Stay Full Coverage,Milabu,Best Drugstore Foundations For All Skin Types | 2025,https://www.youtube.com/watch?v=q07BVM-sAIA,q07BVM-sAIA
Maybelline Super Stay Full Coverage,ugly elle,How to cover cystic acne ALL DAY with makeup (no filter),https://www.youtube.com/watch?v=R513nmHy3V8,R513nmHy3V8
Maybelline Super Stay Full Coverage,Kristina King,HOW TO COVER ACNE SCARS *easy & non cakey*,https://www.youtube.com/watch?v=3NsW4hp662A,3NsW4hp662A
Maybelline Super Stay Full Coverage,HotandFlashy,5 BEST DRUGSTORE Foundations for MATURE Skin of ALL TIME!,https://www.youtube.com/watch?v=BWSRFwVEA1Q,BWSRFwVEA1Q
Maybelline Super Stay Full Coverage,Its Marilyn No Monroe,Best Drugstore Foundation for Oily Skin | Maybelline Lumi Matte Review,https://www.youtube.com/watch?v=K5zNpgJumXs,K5zNpgJumXs
Milk Makeup Future Fluid,Sam Robinson,LADY GAGA'S NEW FOUNDATION... IS IT WORTH IT? HAUS LABS | OILY SKIN WEAR TEST,https://www.youtube.com/watch?v=UZapGAh5C_I,UZapGAh5C_I
Milk Makeup Future Fluid,Sam Robinson,THE NEW MILK MAKEUP FUTURE FLUID CONCEALER.... *oily skin wear test*,https://www.youtube.com/watch?v=YToaOihKdgI,YToaOihKdgI
Milk Makeup Future Fluid,Thrift Thick,WHAT IS THIS STUFF?? | MILK Future Fluid All Over Cream Concealer (WEEKLY WEAR: Oily Skin Review),https://www.youtube.com/watch?v=mvUmTd93gMw,mvUmTd93gMw
Milk Makeup Future Fluid,justShanygne ,This New Concealer Might Be Better Off Used As Foundation l Too Much Mouth,https://www.youtube.com/watch?v=jTvvol9F6ro,jTvvol9F6ro
Milk Makeup Future Fluid,State of Kait,Charlotte Tilbury VS Milk Makeup Concealer Showdown: Review & Wear Test,https://www.youtube.com/watch?v=b8yqr5paJR4,b8yqr5paJR4
Milk Makeup Future Fluid,Tatianna Anesa,TESTING THE NEW MILK MAKEUP FUTURE FLUID CONCEALER!!,https://www.youtube.com/watch?v=z94ZQ3kZz_4,z94ZQ3kZz_4
NARS Sheer Glow,Marlena Stell,I tested 182  foundations - these are the TOP 10 for women over 40  (Beauty expert approved),https://www.youtube.com/watch?v=cJuOBbVRq0w,cJuOBbVRq0w
NARS Sheer Glow,Nikkia Joy,FOUNDATION WARS!! | NARS SHEER GLOW VS NARS LUMINOUS WEIGHTLESS FOUNDATION!!,https://www.youtube.com/watch?v=RTvwt_thDQU,RTvwt_thDQU
NARS Sheer Glow,Samantha Jane,NARS Sheer Glow Foundation Review/Wear Test | 12 DAYS OF FOUNDATION DAY 6,https://www.youtube.com/watch?v=mXXyWZdjRUo,mXXyWZdjRUo
NARS Sheer Glow,Jessica Alice,NEW NARS Light Reflecting Foundation vs. NARS Sheer Glow ✨ | Side by Side Comparison + Wear Test,https://www.youtube.com/watch?v=PQjoJHvhhxQ,PQjoJHvhhxQ
NARS Sheer Glow,Wayne Goss,FOUNDATION OVER 40! NARS SHEER GLOW,https://www.youtube.com/watch?v=2S0gqhxJ5EA,2S0gqhxJ5EA
NARS Sheer Glow,Jessica Alice,NARS Sheer Glow vs. Natural Radiant Longwear Foundation 🖤 | Side by Side Comparison + Wear Test,https://www.youtube.com/watch?v=sY_yabUp1k0,sY_yabUp1k0
NARS Soft Matte Complete,Thrift Thick,THE MIRACLE WE'VE BEEN WAITING FOR?? | NARS Soft Matte Complete Foundation (WEEKLY WEAR: Oily Skin),https://www.youtube.com/watch?v=tlVSZdZEFyw,tlVSZdZEFyw
NARS Soft Matte Complete,Kirsty Lo,ESTEE LAUDER DOUBLE WEAR VS. NARS SOFT MATTE COMPLETE FOUNDATION | Review & 12hr Wear Test!,https://www.youtube.com/watch?v=SpBCiN4xKz8,SpBCiN4xKz8
NARS Soft Matte Complete,Maryam Maquillage,NEW NARS Natural Matte Foundation: Does It Survive Oily Skin? All Day Wear Test | Maryam Maquillage,https://www.youtube.com/watch?v=gIwF13_m2rU,gIwF13_m2rU
NARS Soft Matte Complete,Magdaline Janet,NEW! NARS SOFT MATTE COMPLETE FOUNDATION + 2 DAY WEAR TEST *OILY SKIN* | MagdalineJanet,https://www.youtube.com/watch?v=NzVg3uNdNp4,NzVg3uNdNp4
NARS Soft Matte Complete,Hannah With The Lipstick,Nars Soft Matte Complete Foundation Review - Worth the Hype?,https://www.youtube.com/watch?v=LlqNMix7Pbs,LlqNMix7Pbs
NARS Soft Matte Complete,BiancaReneeToday,"New Fav Foundation For Oily Skin, NARS Soft Matte | BiancaReneeToday",https://www.youtube.com/watch?v=nqbC1wYK3qc,nqbC1wYK3qc
NARS Soft Matte Complete,Jessica Romua ,Matte Foundation Face-Off 👀 NARS vs Dior || 9 Hour OILY SKIN Wear Test,https://www.youtube.com/watch?v=_fKCWy3UXME,_fKCWy3UXME
NARS Soft Matte Complete,Fabiola Cruz Beauty,"3 NEW Matte Foundations, One Failed by Hour 5 - NARS vs Double Wear vs Dior Wear",https://www.youtube.com/watch?v=IcIY7gpyVTA,IcIY7gpyVTA
NARS Soft Matte Complete,Nikkia Joy,NEW HOLY GRAIL FOUNDATION?!! NARS SOFT MATTE FOUNDATION REVIEW!,https://www.youtube.com/watch?v=mavnGbUwClM,mavnGbUwClM
NARS Soft Matte Complete,Allie Glines,Did the NEW NARS Foundation Just Take First Place?! (Wear Test),https://www.youtube.com/watch?v=ZeYHiS0T_sM,ZeYHiS0T_sM
NARS Soft Matte Complete,Samantha Jane,NARS Soft Matte Complete Foundation Review + Wear Test!,https://www.youtube.com/watch?v=oGMLYDglPp4,oGMLYDglPp4
NARS Soft Matte Complete,KWKosta,"NARS SOFT MATTE COMPLETE FOUNDATION TESTED ON AN OILY, ACNE PRONE SKIN - is this THE one?",https://www.youtube.com/watch?v=K_ZXuTH854k,K_ZXuTH854k
NARS Soft Matte Complete,Madeline Williams,"NARS SOFT MATTE FOUNDATION REVIEW + WEAR TEST | On Oily, Sensitive, Acne Prone Skin!",https://www.youtube.com/watch?v=DF-ir8j2VHA,DF-ir8j2VHA
NARS Soft Matte Complete,Olotu Funke,"NARS Soft Matte Foundation Review: Oily, Acne-Prone Skin (Shade: IGAUCO) | First Impressions",https://www.youtube.com/watch?v=XxheWuoPKKQ,XxheWuoPKKQ
NARS Soft Matte Complete,Haley Kim,Clean girl makeup for acne skin (NO Foundation!) | how to cover acne naturally,https://www.youtube.com/watch?v=DC_sR1vrBcA,DC_sR1vrBcA
NARS Soft Matte Complete,Mixed Makeup,"The BEST Makeup for Oily Skin, According to a Makeup Artist | Beauty with Susan Yara",https://www.youtube.com/watch?v=WftrUdS8TBs,WftrUdS8TBs
NARS Soft Matte Complete,Marlena Stell,The ONLY foundation tutorial you NEED: A Pro's guide to flawless looking skin (all skin types),https://www.youtube.com/watch?v=SjsiKJP5TCM,SjsiKJP5TCM
NARS Soft Matte Complete,Jessica Pimentel,HOW TO: COVER ACNE WITH MAKEUP (BASE ROUTINE),https://www.youtube.com/watch?v=kwlCEN0q330,kwlCEN0q330
NARS Soft Matte Complete,Jessica Romua ,Which Lasts Longer on OILY SKIN? NARS vs Double Wear 12 Hour Wear Test,https://www.youtube.com/watch?v=VG_yvm75CBc,VG_yvm75CBc
NARS Soft Matte Complete,Angela Denise ,New!!! NARS Natural Matte Longwear Foundation | Swatches + Wear Test | Combo Skin,https://www.youtube.com/watch?v=8V_Dv3aKIB4,8V_Dv3aKIB4
NARS Soft Matte Complete,KeikoBeauty,Nars Soft Matte Complete Foundation (Cadiz) Review⎮Best Foundation for Oily Skin!!,https://www.youtube.com/watch?v=AAnESyr4J4E,AAnESyr4J4E
NARS Soft Matte Complete,KyrielleLara,NEW! NARS SOFT MATTE FOUNDATION WEAR TEST & REVIEW! OILY/COMBO SKIN | SHADE SIBERIA | KYRIELLELARA,https://www.youtube.com/watch?v=kuZ1lRN2EgA,kuZ1lRN2EgA
NARS Soft Matte Complete,Afeeyah FBM,NARS SOFT MATTE REVIEW FOR OILY & DARK SKIN |8 HOUR WEAR|NOT THIS BEING THE BEST FOUNDATION OF 2021!,https://www.youtube.com/watch?v=ZjPTcvuy72w,ZjPTcvuy72w
NARS Soft Matte Complete,Makeup By Asta,NEW! NARS SOFT MATTE COMPLETE FOUNDATION | WEAR TEST | FIRST IMPRESSIONS | REVIEW,https://www.youtube.com/watch?v=-oE0mgasNkg,-oE0mgasNkg
NYX Cant Stop Wont Stop,juicyjas,FIRST IMPRESSION: NYX CAN'T STOP WON'T STOP FOUNDATION + WEAR TEST! | JuicyJas,https://www.youtube.com/watch?v=BPNfYbjF67U,BPNfYbjF67U
NYX Cant Stop Wont Stop,Taisha,NEW! NYX COSMETICS CAN'T STOP WON'T STOP FOUNDATION WEAR TEST/REVIEW |Taisha,https://www.youtube.com/watch?v=PJ5qC2QznCw,PJ5qC2QznCw
NYX Cant Stop Wont Stop,Sarah Sarosh,Honest Review - NYX Can't Stop Won't Stop Foundation + 8 hour wear test| #SarahsHonestReviews Ep: 20,https://www.youtube.com/watch?v=QDBNuKIV30w,QDBNuKIV30w
NYX Cant Stop Wont Stop,Magdaline Janet,FULL FACE OF NYX CAN'T STOP WON'T STOP LINE + ALL DAY WEAR TEST *oily skin* | MagdalineJanet,https://www.youtube.com/watch?v=1iNgckJDyhY,1iNgckJDyhY
NYX Cant Stop Wont Stop,Taylor Anise,NEW NYX Cosmetics Can't Stop Won't Stop Foundation | Demo + First Impressions,https://www.youtube.com/watch?v=a9crOZVk6PE,a9crOZVk6PE
NYX Cant Stop Wont Stop,BiancaReneeToday,NYX Can't Stop Won't Stop Foundation Wear Test & Review! Foundation Friday! | BiancaReneeToday,https://www.youtube.com/watch?v=ZCwV42Ps98Y,ZCwV42Ps98Y
Rare Beauty Liquid Touch,Taylor Wynn,RARE BEAUTY FOUNDATION on Textured Skin | Rare Beauty Liquid Touch Weightless Foundation Review,https://www.youtube.com/watch?v=q4q6jkKf8zo,q4q6jkKf8zo
Rare Beauty Liquid Touch,Kris Kameron,*NEW* SELENA GOMEZ'S RARE BEAUTY FOUNDATION REVIEW & 6 HR WEAR TEST ON OILY SKIN,https://www.youtube.com/watch?v=QAxFB4nig0k,QAxFB4nig0k
Rare Beauty Liquid Touch,Ivory Cherry,Rare Beauty Liquid Touch Weightless Foundation For Oily Skin | 2 Day Wear Test,https://www.youtube.com/watch?v=5viaG9pIkYw,5viaG9pIkYw
Rare Beauty Liquid Touch,juicyjas,I Tested the NEW Rare Beauty Foundation for 3 Days… Here’s What Happened,https://www.youtube.com/watch?v=o1BM-ovKYQY,o1BM-ovKYQY
Rare Beauty Liquid Touch,Ashley Roark,Testing RARE BEAUTY by SELENA GOMEZ on Oily Skin // Liquid Touch Foundation + Concealer & More!,https://www.youtube.com/watch?v=VQRtgsk6kCE,VQRtgsk6kCE
Rare Beauty Liquid Touch,Michelle Londyn,RARE BEAUTY Foundation and Concealer | REVIEW + 8 hour wear test on OILY skin!,https://www.youtube.com/watch?v=2KB5BVBjs7s,2KB5BVBjs7s
Revlon ColorStay,Nikkia Joy,REVLON COLORSTAY FULL COVERAGE FOUNDATION FOR OILY SKIN??!!,https://www.youtube.com/watch?v=YRBBRKJyXv8,YRBBRKJyXv8
Revlon ColorStay,Samantha Jane,Revlon Colorstay Foundation Review (Oily Skin) 12 Days of Foundation Day 5,https://www.youtube.com/watch?v=0m8pS5-3nJM,0m8pS5-3nJM
Revlon ColorStay,Magdaline Janet,2 DAY WEAR *new* REVLON COLORSTAY FOUNDATION SPF 15 *oily skin* | MagdalineJanet,https://www.youtube.com/watch?v=vcbjt3bZFIA,vcbjt3bZFIA
Revlon ColorStay,Thrift Thick,BETTER THAN THE ORIGINAL!? | Revlon ColorStay Light Cover Foundation (WEEKLY WEAR: Oily Skin Review),https://www.youtube.com/watch?v=QUJEoWWyp-k,QUJEoWWyp-k
Revlon ColorStay,Stephanie Holiday,Revlon ColorStay for Combination/Oily Skin - No Primer Foundation,https://www.youtube.com/watch?v=QoGg4pmm2ww,QoGg4pmm2ww
Revlon ColorStay,Sanesh Makeup,"Revlon Colorstay Life-Proof Foundation, New Blushes + Oily Skin Wear Test",https://www.youtube.com/watch?v=kpaK_1gRTfA,kpaK_1gRTfA
Revlon ColorStay,Nana Beauty,VlogMas🎄Day 23🎄Review & Wear Test On The Reformulated Revlon ColorStay Oily/ Combo Foundation,https://www.youtube.com/watch?v=-7BzTN31RrM,-7BzTN31RrM
Revlon ColorStay,BiancaReneeToday,Revlon ColorStay 24 Hour Foundation! Oily Skin Test! | BiancaReneeToday,https://www.youtube.com/watch?v=4nbG29i8CLs,4nbG29i8CLs
Revlon ColorStay,Nadia Vega,Revlon Colorstay Longwear Makeup Foundation Wear Test | Nadia Vega,https://www.youtube.com/watch?v=CCJ8BzZhvjw,CCJ8BzZhvjw
Revlon ColorStay,Mena_Adubea,15hrs later | Revlon COLORSTAY Longwear Foundation First Impressions $12 | MenaAdubea,https://www.youtube.com/watch?v=s4hmLM_rgHI,s4hmLM_rgHI
Revlon ColorStay,Shannon Lansing,*14 Hr Wear Test* REVLON COLORSTAY FOUNDATION SPF 20 (hyaluronic acid *normal/dry Skin*) VLOGGING.,https://www.youtube.com/watch?v=T8gMpYj5LMg,T8gMpYj5LMg
Revlon ColorStay,Kelechi R Eluma ,Revlon ColorStay Make-Up Foundation for Combination/Oily Skin Wear Test | Phinadiamond,https://www.youtube.com/watch?v=HyfksXtuLc8,HyfksXtuLc8
Revlon ColorStay,Anne Clutz,L'OREAL FRESH WEAR VS REVLON COLORSTAY FOUNDATION! ANONG MAS OK FOR OILY SKIN??,https://www.youtube.com/watch?v=EtJh-k9t_tM,EtJh-k9t_tM
Revlon ColorStay,Imani Bautista,revlon colorstay longwear makeup first impressions + wear test! ✨oldie but goodie?✨| Imani Bautista,https://www.youtube.com/watch?v=5M6ANiBsRk4,5M6ANiBsRk4
Revlon ColorStay,Leximarcellaa,My Foundation Routine | Oily & Acne Prone Skin,https://www.youtube.com/watch?v=XKrHZiQDccI,XKrHZiQDccI
Revlon ColorStay,Jc Fabuleux,REVLON COLORSTAY LIFE-PROOF FOUNDATION STICK on OILY & ACNE-PRONE SKIN | Wear Test + Review,https://www.youtube.com/watch?v=gi4EaeXZFIk,gi4EaeXZFIk
Revlon ColorStay,SariReanna,5 FOUNDATIONS I HATE | Oily & Acne Prone Skin,https://www.youtube.com/watch?v=cA7_54nTyfs,cA7_54nTyfs
Revlon ColorStay,Deanna Borocz,Top 5 Drugstore Foundations for OILY / ACNE PRONE Skin,https://www.youtube.com/watch?v=iAVHeckHtHg,iAVHeckHtHg
Revlon ColorStay,Stephanie Alford,BEST 5 Drugstore Foundations For Oily/Combo Acne-Prone Skin,https://www.youtube.com/watch?v=aHOel2FccdI,aHOel2FccdI
Revlon ColorStay,KYM CHAVEZ,Full Day Wear Test and Review| Revlon Colorstay Foundation (Combi/Oily Skin),https://www.youtube.com/watch?v=Rn7u8jm973I,Rn7u8jm973I
Revlon ColorStay,HotandFlashy,Foundation Friday Over 50 #26 Revlon ColorStay,https://www.youtube.com/watch?v=vYQ9CdQQOhQ,vYQ9CdQQOhQ
Smashbox Studio Skin,Taylor Wynn,SMASHBOX STUDIO SKIN FOUNDATION New Shades & Formula | First Impression Review on Acne/Pale Skin,https://www.youtube.com/watch?v=yUgWkOz3sog,yUgWkOz3sog
Smashbox Studio Skin,Nikkia Joy,SMASHBOX FULL COVERAGE 24 HR FOUNDATION | OILY SKIN REVIEW & WEAR TEST!!,https://www.youtube.com/watch?v=gsoAudD-MaM,gsoAudD-MaM
Smashbox Studio Skin,Thrift Thick,BUT DOES IT LAST...?? | Smashbox Studio Skin 24 Hour Foundation (WEEKLY WEAR: Oily Skin Review),https://www.youtube.com/watch?v=l9Y0ul7qy74,l9Y0ul7qy74
Smashbox Studio Skin,Samantha Jane,Smashbox Studio Skin Foundation Review (Oily Skin) 12 Days of Foundation Day 4,https://www.youtube.com/watch?v=kvYCqtafhg0,kvYCqtafhg0
Smashbox Studio Skin,BiancaReneeToday,SMASHBOX Studio Skin 15 Hr Wear Hydrating Foundation Friday! | BiancaReneeToday,https://www.youtube.com/watch?v=J4eUkfarukY,J4eUkfarukY
Smashbox Studio Skin,Ivory Cherry,Smashbox Studio Skin Full Coverage 24 Hour Foundation for Oily Skin | 2 Day Wear Test!,https://www.youtube.com/watch?v=gdwAL6nIhOE,gdwAL6nIhOE
Tarte Shape Tape,Thrift Thick,tarte face tape foundation | WEEKLY WEAR (Oily Skin Foundation Review),https://www.youtube.com/watch?v=2zVEzeaTTKs,2zVEzeaTTKs
Tarte Shape Tape,All Beauty By Sarah,NEW!!! TARTE FACE TAPE FOUNDATION | WEAR TEST REVIEW,https://www.youtube.com/watch?v=R5e0BN9cbtQ,R5e0BN9cbtQ
Tarte Shape Tape,Zabrena ,Foundation Review &  Wear Test | TARTE FACE TAPE,https://www.youtube.com/watch?v=GTaYVcr5ufA,GTaYVcr5ufA
Tarte Shape Tape,ThatsSoYin,Which is the BEST Tarte Foundation?? Review + Application + Wear Test,https://www.youtube.com/watch?v=-Ar4cLm9750,-Ar4cLm9750
Tarte Shape Tape,Vanessa Lopez,NEW TARTE FACE TAPE FOUNDATION OILY SKIN TESTED & 9 HOUR WEAR TEST | Vanessa Lopez,https://www.youtube.com/watch?v=bx2Yiouuzlk,bx2Yiouuzlk
Tarte Shape Tape,KWKosta,SHAPE TAPE FOUNDATION: 10HR TEST Oily Acne Prone Skin,https://www.youtube.com/watch?v=XdjNQDjHzaU,XdjNQDjHzaU
Too Faced Born This Way,Nikkia Joy,"TOO FACED BORN THIS WAY FOUNDATION FOR OILY SKIN | FIRST IMPRESSIONS, REVIEW & WEAR TEST!!",https://www.youtube.com/watch?v=AD6pawKOXZg,AD6pawKOXZg
Too Faced Born This Way,Thrift Thick,BIGGEST LETDOWN OF 2020?? | Too Faced Born This Way Matte Foundation (WEEKLY WEAR: Oily Skin Review),https://www.youtube.com/watch?v=dYz2lwSIsbE,dYz2lwSIsbE
Too Faced Born This Way,Mufidah Mukhtar,*NEW* TOO FACED BORN THIS WAY  MATTE FOUNDATION REVIEW  +12 hour Wear Test for Oily Acne Prone Skin.,https://www.youtube.com/watch?v=kbTjIZURtBg,kbTjIZURtBg
Too Faced Born This Way,Tammi Clarke,TESTING TOO FACED BORN THIS WAY MATTE FOUNDATION & 7HR WEAR TEST,https://www.youtube.com/watch?v=kdMn2LJOGvY,kdMn2LJOGvY
Too Faced Born This Way,Kirsty Lo,ESTEE LAUDER DOUBLE WEAR VS. TOO FACED BORN THIS WAY MATTE FOUNDATION | Review & Wear Test!,https://www.youtube.com/watch?v=BAinjwGaoT8,BAinjwGaoT8
Too Faced Born This Way,Magdaline Janet,Good on Oily Skin? NEW TOO FACE BORN THIS WAY SOFT MATTE FOUNDATION +12HR WEAR TEST | MagdalineJanet,https://www.youtube.com/watch?v=edskQpTd8C8,edskQpTd8C8
elf Flawless Satin,Nikkia Joy,ELF $6 FLAWLESS FOUNDATION!! DOES IT ACTUALLY WORK!!??,https://www.youtube.com/watch?v=e5hhh68cfi0,e5hhh68cfi0
elf Flawless Satin,Foundation Lady,Testing e.l.f. Flawless Satin Foundation!,https://www.youtube.com/watch?v=jUJJu14rBes,jUJJu14rBes
elf Flawless Satin,SilviaMBeauty,$6 ELF Flawless Finish Foundation Review Oily Skin,https://www.youtube.com/watch?v=5O0n8tP1PH8,5O0n8tP1PH8
elf Flawless Satin,Drea CN,ELF Flawless Finish Foundation & Primer - Does it Work on Oily Skin? | DreaCN,https://www.youtube.com/watch?v=vnN4WUui0dk,vnN4WUui0dk
elf Flawless Satin,Stephanie Holiday,e.l.f. Flawless Satin Foundation - Foundation Wars - Oily Skin (Drugstore Edition),https://www.youtube.com/watch?v=SntZxiz9Fig,SntZxiz9Fig
elf Flawless Satin,Adrika,ELF FLAWLESS FINISH FOUNDATION REVIEW | ACNE + OILY SKIN,https://www.youtube.com/watch?v=kOupKmy6a8U,kOupKmy6a8U
