brand,domain
Caraway,carawayhome.com
Cuts Clothing,cutsclothing.com
Blueland,blueland.com
Ten Little,tenlittle.com
Halfdays,halfdays.com
Pepper,wearpepper.com
Three Ships,threeshipsbeauty.com
Braxley Bands,braxleybands.com
Cometeer,cometeer.com
August,itsaugust.co
Appointed,appointed.co
Glamnetic,glamnetic.com
Burrow,burrow.com
Pool Day,poolday.com
Phlur,phlur.com
Maelys,maelys.com
Gruns,grunswellness.com
Happy Mammoth,happymammoth.com
Haakaa,haakaa.com
EB Denim,ebdenim.com
Knix,knix.com
Diaspora Co,diasporaco.com
MUD WTR,mudwtr.com
Blume,itsblume.com
Yellow Beauty,yellowbeauty.com
Pulp Pantry,pulppantry.com
Joggy,getjoggy.com
DEUX,eatdeux.com
The Ridge,ridge.com
G FUEL,gfuel.com
JuneShine,juneshine.com
Lovevery,lovevery.com
Magic Spoon,magicspoon.com
Our Place,fromourplace.com
Mejuri,mejuri.com
Parade,yourparade.com
Titan Casket,titancasket.com
Olipop,drinkolipop.com
Boll and Branch,bollandbranch.com
Ritual,ritual.com
Function of Beauty,functionofbeauty.com
Marc's Magic Rub,marcsmagicrub.com
Jinx,thinkjinx.com
Gorgie,getgorgie.com
EcoSoul Home,ecosoulhome.com
The Farmer's Dog,thefarmersdog.com
The Honest Kitchen,thehonestkitchen.com
Uncle Nearest,unclenearest.com
Little Spoon,littlespoon.com
Slate Milk,slatemilk.com
Coterie,coterie.com
Evereden,ever-eden.com
LARQ,livelarq.com
Oofos,oofos.com
Billie,mybillie.com
Sunday,getsunday.com
Lalo,meetlalo.com
Touchland,touchland.com
Prose,prose.com
Black Buffalo,blackbuffalo.com
Skylar,skylar.com
Here We Flo,hereweflo.co
Misen,misen.com
Beltology,beltology.com
Hero Cosmetics,herocosmetics.us
Rowing Blazers,rowingblazers.com
by Humankind,byhumankind.com
Pair Eyewear,paireyewear.com
Versed,versedskin.com
Lola,mylola.com
Hungryroot,hungryroot.com
Curology,curology.com
MeUndies,meundies.com
Trade Coffee,drinktrade.com
ButcherBox,butcherbox.com
Quip,getquip.com
Lomi,lomi.com
Persona Nutrition,personanutrition.com
Unbottled,unbottled.co
Taika,taika.co
Papier,papier.com
Bite,bitetoothpastebits.com
Red Dress Boutique,reddress.com
Beardbrand,beardbrand.com
Leesa,leesa.com
Fyrn,fyrn.com
Common Deer,commondeer.com
Missoma,missoma.com
Ana Luisa,analuisa.com
Babe Co,wearebabe.com
Smart Nora,smartnora.com
Reliefband,reliefband.com
U-Turn Audio,uturnaudio.com
Nutrafol,nutrafol.com
Bulletproof,bulletproof.com
Madison Reed,madison-reed.com
Cirkul,drinkcirkul.com
Eight Sleep,eightsleep.com
Grove Collaborative,grove.co
Trinny London,trinnylondon.com
Misfits Market,misfitsmarket.com
Daily Harvest,daily-harvest.com
Brooklinen,brooklinen.com
Vuori,vuoriclothing.com
Athletic Brewing,athleticbrewing.com
Feastables,feastables.com
Liquid I.V.,liquid-iv.com
Loop Earplugs,loopearplugs.com
Waterdrop,waterdrop.com
Birdy Grey,birdygrey.com
Italic,italic.com
Branch Furniture,branchfurniture.com
Public Rec,publicrec.com
Vessi,vessi.com
Rothys,rothys.com
Outdoor Voices,outdoorvoices.com
Buck Mason,buckmason.com
Wildgrain,wildgrain.com
Jot,jot.co
Graza,graza.co
Fly By Jing,flybyjing.com
Omsom,omsom.com
Bokksu,bokksu.com
Liquid Death,liquiddeath.com
Recess,takearecess.com
Immi,immieats.com
Wonderbelly,wonderbelly.com
Starface,starface.world
Topicals,mytopicals.com
Necessaire,necessaire.com
Kosas,kosas.com
Saie,saiehello.com
Crown Affair,crownaffair.com
Ami Cole,amicole.com
Act and Acre,actandacre.com
Briogeo,briogeohair.com
Bombas,bombas.com
Tatcha,tatcha.com
Cuyana,cuyana.com
Schoolhouse,schoolhouse.com
Pura Vida,puravida.com
Native,nativecos.com
DedCool,dedcool.com
Pangaia,pangaia.com
Moon Juice,moonjuice.com
Bellroy,bellroy.com
Mose Mary and Me,mosemaryandme.com
Texas Tushies,texastushies.com
Kohara Co,koharaco.com
Business and Pleasure Co,businessandpleasureco.com
The Novogratz,shopthenovogratz.com
Sitka Gear,sitkagear.com
BuddyLove,buddylove.com
Dieux,dieuxskin.com
Ilia Beauty,iliabeauty.com
Salt and Stone,saltandstone.com
Primally Pure,primallypure.com
Spoiled Child,spoiledchild.com
Oakcha,oakcha.com
Nudestix,nudestix.com
Dr Squatch,drsquatch.com
Mack Weldon,mackweldon.com
Jones Road Beauty,jonesroadbeauty.com
Kopari,koparibeauty.com
Brightland,brightland.co
Four Sigmatic,foursigmatic.com
Hydrant,drinkhydrant.com
Madhappy,madhappy.com
Rhone,rhone.com
Ten Thousand,tenthousand.cc
TRUFF,truff.com
Death Wish Coffee,deathwishcoffee.com
Obvi,myobvi.com
Scotch Porter,scotchporter.com
Tushy,hellotushy.com
Pela,pelacase.com
Doe Lashes,doelashes.com
ASRV,asrv.com
Bylt Basics,byltbasics.com
Tache,drinktache.com
Haus,drinkhaus.com
Maude,getmaude.com
BruMate,brumate.com
HexClad,hexclad.com
Biossance,biossance.com
Typology,typology.com
Perfect Keto,perfectketo.com
Huron,huron.co
DUDE Wipes,dudewipes.com
Poppi,drinkpoppi.com
Spindrift,drinkspindrift.com
Tower 28,tower28beauty.com
Youth to the People,youthtothepeople.com
Herbivore,herbivorebotanicals.com
Golde,golde.co
Caraa,caraa.co
Olukai,olukai.com
Hydroflask,hydroflask.com
Muddy Bites,muddybites.com
Feat,featclothing.com
Long Wknd,longwknd.com
Not Pot,notpot.com
Behave,behavebar.com
Disco,letsdisco.com
Madison Braids,madisonbraids.com
Brightside,brightside.com
Kosterina,kosterina.com
Flamingo Estate,flamingoestate.com
Osea,oseamalibu.com
Vegamour,vegamour.com
Sundays,dinewithsundays.com
JOI,joilife.com
Aplós,aplos.world
De Soi,desoi.com
Ghia,drinkghia.com
Cure Hydration,curehydration.com
Waterboy,waterboy.com
Hop Wtr,hopwtr.com
Goodles,goodles.com
Banza,banza.com
Partake Foods,partakefoods.com
Lesser Evil,lesserevil.com
Sweetkiwi,sweetkiwiworld.com
Once Upon a Farm,onceuponafarm.com
